age,income,city,gender,website_visits,time_spent,converted
56,81272,Mumbai,Male,17,55,1
46,112152,Delhi,Female,8,39,1
32,87649,Bangalore,Female,11,47,1
60,84674,Delhi,Female,6,33,0
25,33760,Mumbai,Female,8,41,1
38,41927,Mumbai,Male,10,85,0
56,106475,Delhi,Female,3,62,1
36,81367,Delhi,Male,14,58,0
40,117955,Mumbai,Male,14,43,1
28,32588,Mumbai,Male,10,46,0
28,72233,Mumbai,Male,12,32,0
41,64738,Delhi,Female,6,33,0
53,53397,Mumbai,Female,12,47,0
57,102189,Mumbai,Female,14,7,0
41,96367,Bangalore,Male,2,14,0
20,91260,Delhi,Male,9,63,0
39,96619,Bangalore,Male,10,110,1
19,39816,Bangalore,Female,17,18,0
41,62240,Mumbai,Male,17,80,1
61,26276,Delhi,Female,3,51,0
47,99530,Mumbai,Female,19,46,1
55,43499,Delhi,Female,1,98,0
19,108576,Bangalore,Female,12,36,1
38,102495,Delhi,Male,7,36,1
50,91635,Mumbai,Female,4,46,0
29,105112,Mumbai,Male,10,36,0
39,55946,Mumbai,Female,13,30,1
61,75204,Delhi,Male,2,119,1
42,71886,Bangalore,Male,10,5,0
44,91652,Bangalore,Female,4,60,1
59,35563,Delhi,Female,18,110,0
45,112324,Mumbai,Female,5,6,0
33,112464,Bangalore,Male,19,85,1
32,29847,Mumbai,Female,2,34,0
64,46155,Delhi,Female,12,107,1
61,99671,Mumbai,Male,17,75,1
20,103310,Bangalore,Female,10,56,0
54,87278,Bangalore,Male,2,95,1
24,38309,Mumbai,Female,6,13,1
38,20619,Delhi,Male,8,26,1
26,103194,Mumbai,Male,19,38,1
56,70108,Delhi,Female,11,114,1
35,54707,Mumbai,Male,12,53,1
21,40337,Bangalore,Female,9,5,0
42,101537,Delhi,Female,2,77,1
31,86504,Delhi,Male,8,88,0
26,67614,Delhi,Female,11,57,1
43,111428,Bangalore,Male,4,87,1
19,111155,Mumbai,Male,10,104,1
37,20281,Bangalore,Male,16,44,0
45,47420,Delhi,Male,8,49,1
64,100896,Mumbai,Male,4,72,0
24,59030,Bangalore,Male,10,13,0
61,21058,Delhi,Male,12,109,1
25,106213,Delhi,Male,14,26,0
64,96260,Bangalore,Female,16,22,0
52,48404,Bangalore,Female,18,80,0
31,49856,Bangalore,Male,12,110,1
34,29200,Delhi,Female,18,47,0
53,84178,Bangalore,Female,7,43,0
57,53997,Delhi,Female,7,77,0
21,45611,Bangalore,Female,9,10,0
19,61235,Delhi,Female,1,87,0
23,55057,Delhi,Female,6,52,1
59,21239,Mumbai,Male,6,115,0
21,85661,Bangalore,Female,12,11,0
46,65272,Bangalore,Female,12,84,1
35,109393,Delhi,Female,10,73,0
43,81212,Delhi,Female,6,20,0
61,35398,Delhi,Male,17,5,0
51,76503,Mumbai,Male,19,119,1
27,26638,Mumbai,Male,18,41,1
53,26570,Delhi,Male,6,107,0
31,88785,Bangalore,Female,19,87,1
48,29110,Bangalore,Male,10,41,0
32,99141,Mumbai,Male,8,85,0
25,32115,Mumbai,Male,6,68,1
31,59062,Delhi,Male,7,94,0
40,42911,Bangalore,Female,1,90,1
57,52556,Delhi,Male,18,66,0
38,98131,Mumbai,Female,12,76,0
33,21969,Bangalore,Male,16,65,0
62,63753,Bangalore,Female,10,37,1
35,102811,Mumbai,Female,10,70,1
64,24470,Delhi,Male,14,34,1
41,30225,Delhi,Male,10,115,0
43,43196,Bangalore,Male,10,24,0
42,33669,Mumbai,Male,11,64,1
62,57380,Bangalore,Female,2,86,0
58,68320,Mumbai,Female,8,111,1
46,67414,Delhi,Male,7,78,1
32,35577,Mumbai,Male,8,28,0
62,108009,Delhi,Female,1,8,1
18,75409,Mumbai,Male,2,41,0
42,48625,Bangalore,Female,18,8,0
24,101040,Delhi,Male,15,81,1
26,44089,Bangalore,Female,1,93,0
41,56487,Bangalore,Female,5,81,0
18,85838,Delhi,Female,2,22,0
61,116999,Delhi,Female,3,92,1
25,114795,Bangalore,Female,19,70,1
41,70138,Bangalore,Male,18,52,1
28,62823,Bangalore,Female,18,37,1
34,57208,Bangalore,Male,14,62,1
25,74061,Delhi,Female,8,87,1
52,50659,Delhi,Female,12,77,1
52,51890,Bangalore,Male,10,32,0
50,99134,Mumbai,Male,17,39,1
22,67055,Mumbai,Male,11,107,1
59,39508,Delhi,Male,2,14,0
56,62287,Bangalore,Female,4,69,1
58,98916,Bangalore,Male,1,46,0
45,46984,Delhi,Female,15,89,1
24,28125,Mumbai,Male,13,13,0
26,56059,Mumbai,Male,8,64,0
25,89569,Mumbai,Female,4,115,1
29,37087,Delhi,Female,10,19,1
51,25704,Mumbai,Male,19,103,0
50,80576,Delhi,Female,18,61,1
40,93384,Delhi,Female,5,73,0
41,107128,Bangalore,Female,19,109,0
54,92460,Mumbai,Female,16,26,1
52,47208,Delhi,Female,1,68,0
61,105150,Mumbai,Female,12,45,0
57,86024,Mumbai,Female,2,91,1
39,59882,Bangalore,Female,8,75,0
44,45923,Mumbai,Male,18,60,1
52,49165,Bangalore,Female,16,27,0
18,87203,Delhi,Male,5,112,1
52,111749,Mumbai,Female,13,29,0
54,24114,Delhi,Female,19,95,1
64,84965,Mumbai,Female,3,109,0
31,56321,Delhi,Female,8,10,1
20,93297,Mumbai,Male,12,38,0
18,116652,Mumbai,Male,2,67,0
22,119304,Mumbai,Female,11,13,1
43,45426,Mumbai,Male,12,64,0
31,37772,Mumbai,Female,18,53,1
56,23712,Mumbai,Female,13,101,0
44,21367,Mumbai,Male,5,55,0
26,111736,Mumbai,Male,12,64,1
32,71924,Mumbai,Female,2,74,1
32,23726,Delhi,Female,5,41,0
43,109152,Bangalore,Male,7,35,0
59,47723,Mumbai,Female,12,102,0
30,29108,Bangalore,Male,16,45,1
49,97714,Mumbai,Female,8,66,1
56,55643,Mumbai,Female,9,97,1
49,51324,Delhi,Male,15,62,1
21,103360,Delhi,Male,5,18,1
47,28927,Bangalore,Male,13,40,1
54,113680,Delhi,Female,5,40,1
40,116546,Delhi,Female,11,83,1
56,42443,Bangalore,Female,10,12,0
62,99973,Delhi,Female,13,30,1
32,83449,Mumbai,Male,9,40,0
60,96743,Bangalore,Female,14,52,1
46,80233,Bangalore,Female,18,89,0
53,45537,Mumbai,Female,15,32,0
30,97576,Delhi,Male,10,72,1
49,42612,Bangalore,Female,7,66,0
24,113977,Bangalore,Female,8,84,1
39,26471,Mumbai,Male,3,90,1
45,55631,Mumbai,Female,15,80,1
19,112059,Delhi,Female,16,84,0
59,51348,Bangalore,Male,4,55,0
62,84732,Delhi,Female,6,108,0
23,21177,Delhi,Female,1,106,0
45,24760,Mumbai,Female,4,46,0
45,52779,Bangalore,Male,11,105,0
61,41636,Bangalore,Female,12,33,1
61,101889,Bangalore,Female,5,86,1
37,73551,Mumbai,Male,16,14,1
47,31556,Mumbai,Male,13,110,0
28,47598,Mumbai,Female,13,43,0
45,31563,Mumbai,Female,17,86,1
42,66819,Mumbai,Female,7,5,1
56,93770,Bangalore,Female,8,43,0
50,111055,Delhi,Male,13,25,1
18,46966,Bangalore,Female,16,69,0
44,101709,Delhi,Male,4,19,0
30,79889,Mumbai,Male,8,8,0
58,46987,Delhi,Female,16,64,1
20,98714,Bangalore,Female,10,65,1
56,78348,Bangalore,Male,12,24,0
23,44596,Delhi,Male,12,14,1
25,53174,Mumbai,Female,5,91,1
44,84106,Mumbai,Male,16,109,1
26,89967,Bangalore,Female,1,38,0
54,79182,Delhi,Female,9,114,1
50,113300,Mumbai,Male,12,52,1
59,107163,Mumbai,Male,5,37,0
61,59310,Bangalore,Female,3,102,1
41,76088,Mumbai,Male,5,107,1
32,28906,Delhi,Female,2,65,0
49,56914,Bangalore,Female,14,14,0
49,65379,Bangalore,Female,2,58,0
41,98612,Delhi,Male,13,88,1
58,57650,Bangalore,Female,7,69,0
29,66881,Mumbai,Female,10,81,1
56,66413,Mumbai,Female,13,5,0
19,26012,Delhi,Female,16,9,1
20,70115,Mumbai,Female,14,84,1
54,27151,Delhi,Female,11,19,0
34,77716,Delhi,Female,10,117,1
19,113747,Mumbai,Female,6,32,0
19,112653,Delhi,Female,4,99,1
45,56378,Mumbai,Female,1,27,1
40,62652,Bangalore,Female,7,116,1
54,92430,Bangalore,Male,9,113,0
49,33467,Delhi,Female,8,111,1
50,51010,Mumbai,Female,5,21,0
18,74691,Mumbai,Female,19,117,1
36,84157,Bangalore,Male,10,102,1
19,32289,Bangalore,Female,11,17,0
61,64976,Mumbai,Male,15,18,0
43,63596,Delhi,Female,6,15,0
49,43171,Bangalore,Female,15,32,0
23,106365,Delhi,Male,5,46,0
49,119590,Delhi,Female,19,100,1
21,64139,Bangalore,Male,19,103,1
28,68713,Delhi,Male,10,65,0
34,49734,Delhi,Female,12,68,1
55,92588,Mumbai,Female,4,35,0
41,83646,Delhi,Female,18,85,1
22,23654,Mumbai,Female,16,115,1
51,109022,Bangalore,Male,8,77,0
23,38743,Bangalore,Male,4,14,0
39,68368,Mumbai,Female,12,12,1
28,110025,Bangalore,Male,2,25,0
33,94172,Delhi,Male,4,81,0
50,26441,Delhi,Female,5,63,0
26,44611,Delhi,Male,3,54,0
23,32149,Bangalore,Male,9,73,1
33,79189,Delhi,Female,18,74,1
46,41675,Bangalore,Male,11,34,0
20,91031,Delhi,Female,3,99,0
37,62668,Mumbai,Male,2,21,0
53,33673,Bangalore,Female,9,79,1
36,96666,Bangalore,Male,14,24,1
43,108204,Delhi,Male,4,52,0
20,100758,Bangalore,Female,9,77,1
36,85429,Bangalore,Female,13,6,1
37,43669,Mumbai,Female,18,41,1
49,54068,Mumbai,Female,15,5,0
24,108789,Delhi,Male,10,8,0
58,29435,Mumbai,Male,16,104,0
50,114088,Delhi,Male,12,58,1
57,72249,Delhi,Female,5,29,0
56,57384,Delhi,Male,2,7,1
35,101929,Bangalore,Male,10,13,0
57,96153,Mumbai,Female,1,90,1
18,95388,Delhi,Female,7,91,1
28,51401,Mumbai,Male,17,80,1
45,91831,Delhi,Female,16,78,1
42,54084,Mumbai,Male,3,38,1
40,75826,Mumbai,Male,14,47,1
48,56451,Delhi,Female,10,78,0
47,27227,Bangalore,Male,7,98,1
59,51910,Mumbai,Female,17,26,0
52,56041,Bangalore,Female,6,74,0
24,108920,Bangalore,Male,4,118,1
33,85681,Delhi,Male,17,6,0
43,101571,Delhi,Male,9,98,0
19,85481,Delhi,Female,4,70,0
18,88576,Mumbai,Male,7,36,0
29,84174,Delhi,Female,2,110,0
22,46160,Delhi,Female,17,20,1
54,37633,Mumbai,Male,8,80,0
49,114880,Mumbai,Female,15,5,1
26,37014,Delhi,Male,15,76,1
58,100532,Delhi,Male,8,52,0
52,69104,Delhi,Male,16,54,1
36,61621,Delhi,Male,19,17,1
33,97231,Bangalore,Male,11,19,1
20,88388,Bangalore,Male,2,57,1
37,36014,Delhi,Male,17,48,1
41,112578,Bangalore,Female,16,12,1
50,53755,Mumbai,Male,15,78,0
41,60390,Bangalore,Female,13,50,0
28,43711,Bangalore,Female,15,73,0
25,111658,Delhi,Female,4,118,0
53,77993,Bangalore,Male,16,23,0
55,94696,Bangalore,Female,12,115,0
57,47213,Bangalore,Female,4,42,0
37,77784,Bangalore,Male,3,15,0
52,27421,Mumbai,Male,17,47,0
42,106936,Delhi,Female,18,24,1
52,119073,Delhi,Male,18,24,1
42,37727,Mumbai,Male,17,25,0
46,24358,Bangalore,Male,12,86,0
35,85108,Mumbai,Male,4,61,0
63,114018,Bangalore,Female,12,54,1
35,52117,Mumbai,Male,15,78,0
19,108700,Delhi,Male,16,102,1
52,51910,Delhi,Male,5,30,0
33,118032,Delhi,Female,15,34,1
58,75754,Bangalore,Female,17,77,0
53,82438,Bangalore,Male,18,114,1
50,49371,Mumbai,Male,5,119,0
21,71501,Mumbai,Female,13,35,1
50,80946,Delhi,Male,19,46,1
31,58467,Bangalore,Male,13,72,1
38,37625,Mumbai,Female,18,65,0
37,53893,Bangalore,Male,14,65,0
25,96329,Bangalore,Male,4,74,1
24,51007,Delhi,Female,4,82,1
20,111302,Delhi,Female,19,72,1
34,59532,Bangalore,Male,13,94,1
50,74253,Bangalore,Female,12,115,1
29,32323,Bangalore,Male,7,116,0
39,93379,Bangalore,Male,12,107,1
39,34210,Delhi,Male,4,21,0
63,36456,Mumbai,Female,2,23,0
47,51367,Delhi,Female,2,55,0
55,74624,Mumbai,Male,5,117,1
55,30106,Bangalore,Male,10,74,1
62,88008,Mumbai,Female,10,67,1
25,92240,Delhi,Female,9,97,1
44,84315,Delhi,Female,13,79,0
44,89249,Bangalore,Male,7,84,1
51,90587,Delhi,Female,5,34,1
38,30756,Bangalore,Female,10,29,0
47,88011,Delhi,Male,10,108,0
50,56378,Delhi,Male,6,79,1
45,24255,Bangalore,Male,19,75,1
64,34484,Mumbai,Female,8,30,0
50,76549,Delhi,Male,1,60,0
22,54503,Mumbai,Male,17,26,0
36,93794,Delhi,Male,7,93,1
21,65113,Delhi,Male,14,23,1
52,94069,Delhi,Female,17,35,1
34,118117,Delhi,Male,9,30,0
61,25249,Mumbai,Female,17,46,0
45,39201,Mumbai,Female,5,45,1
47,78576,Delhi,Female,8,104,1
46,29686,Delhi,Male,6,27,0
63,73363,Mumbai,Female,11,51,1
23,117543,Bangalore,Male,19,17,0
52,20661,Bangalore,Male,4,93,1
58,64843,Mumbai,Male,18,70,1
54,115673,Delhi,Female,1,70,0
41,80963,Delhi,Male,13,20,1
46,62828,Bangalore,Male,14,77,1
63,68604,Bangalore,Male,1,32,0
48,30526,Mumbai,Female,11,81,1
52,88910,Bangalore,Female,17,39,1
50,45592,Mumbai,Female,4,45,0
38,48982,Bangalore,Male,12,81,0
49,20207,Bangalore,Female,10,35,0
40,108733,Bangalore,Male,6,89,0
50,118936,Delhi,Male,1,36,0
20,88619,Delhi,Female,7,58,0
35,49328,Delhi,Male,16,102,1
42,66479,Bangalore,Female,14,76,1
59,40103,Mumbai,Male,6,63,0
48,59891,Mumbai,Female,5,45,1
20,30754,Mumbai,Male,18,116,1
57,119983,Mumbai,Male,15,70,0
63,101437,Delhi,Male,6,106,1
41,118540,Delhi,Male,19,100,1
49,92982,Bangalore,Male,1,58,1
64,75922,Bangalore,Female,1,44,0
39,68231,Mumbai,Male,13,32,1
40,49301,Delhi,Female,3,41,1
19,111652,Mumbai,Female,10,109,1
44,82711,Bangalore,Female,3,69,0
59,61323,Bangalore,Male,9,109,0
19,38752,Mumbai,Male,8,78,0
43,117912,Bangalore,Male,3,59,1
34,102205,Mumbai,Female,13,8,1
57,118452,Delhi,Male,6,103,0
50,33395,Mumbai,Male,13,14,0
26,105957,Delhi,Female,12,51,0
60,76273,Delhi,Female,13,79,1
56,111878,Bangalore,Female,2,18,0
46,24895,Bangalore,Female,16,42,0
59,96559,Bangalore,Female,6,16,0
43,30699,Mumbai,Female,19,49,1
52,85061,Mumbai,Male,13,21,0
42,29715,Bangalore,Female,17,84,1
41,39169,Mumbai,Male,9,39,1
30,36163,Bangalore,Male,17,70,1
24,25782,Mumbai,Male,2,79,0
53,108177,Delhi,Female,19,45,1
62,104328,Delhi,Male,19,71,1
37,55585,Bangalore,Female,7,33,0
18,50682,Mumbai,Female,10,22,1
25,67864,Mumbai,Male,10,24,0
63,104416,Delhi,Female,9,115,1
33,75114,Delhi,Male,17,18,0
31,58067,Bangalore,Male,15,38,1
29,62685,Delhi,Female,2,53,0
40,38073,Bangalore,Male,4,58,0
32,56035,Delhi,Male,19,35,1
45,84977,Delhi,Male,17,62,0
51,110373,Mumbai,Female,5,108,1
19,103362,Delhi,Male,7,46,0
49,110517,Delhi,Female,18,62,1
40,85450,Bangalore,Female,7,86,0
39,30382,Delhi,Male,17,34,0
42,24437,Bangalore,Male,7,29,0
39,90971,Delhi,Female,4,67,1
39,84612,Delhi,Female,8,23,0
59,110355,Bangalore,Male,13,76,1
23,81929,Mumbai,Male,4,96,0
32,117518,Bangalore,Female,6,12,1
60,118864,Bangalore,Female,5,99,0
54,32329,Bangalore,Female,12,7,0
50,45169,Mumbai,Female,4,71,0
25,107468,Delhi,Female,9,112,1
61,54594,Bangalore,Male,4,90,0
61,96957,Bangalore,Female,19,85,0
22,80631,Mumbai,Female,14,104,1
56,65033,Bangalore,Male,5,21,1
21,83133,Delhi,Male,18,18,1
23,93165,Mumbai,Female,10,119,1
62,93861,Delhi,Female,19,13,1
49,72290,Delhi,Male,12,66,0
47,114031,Mumbai,Female,18,98,1
64,51750,Bangalore,Female,17,25,1
52,115155,Delhi,Male,11,80,0
57,60461,Delhi,Female,3,41,0
33,93800,Delhi,Male,17,100,1
30,98222,Delhi,Male,1,15,0
59,44226,Mumbai,Male,15,24,0
47,26721,Mumbai,Male,9,39,0
36,76154,Delhi,Female,15,57,1
34,40609,Bangalore,Male,3,51,0
36,72130,Delhi,Female,19,114,1
45,92909,Bangalore,Female,13,79,1
43,75249,Delhi,Female,12,56,1
54,68895,Bangalore,Female,1,12,1
43,114473,Delhi,Female,17,8,0
40,25656,Bangalore,Male,13,31,0
26,94520,Delhi,Male,1,48,0
29,83740,Delhi,Male,10,44,1
18,84309,Bangalore,Male,15,106,1
18,49984,Mumbai,Female,7,51,0
64,93822,Bangalore,Male,18,98,1
51,25901,Mumbai,Female,16,48,0
49,51552,Delhi,Female,14,52,1
42,111245,Bangalore,Male,18,116,1
57,51055,Bangalore,Male,7,95,0
62,57685,Bangalore,Male,17,89,1
18,93965,Mumbai,Male,18,56,1
33,34716,Mumbai,Female,12,88,1
56,31138,Delhi,Female,8,72,1
22,55298,Mumbai,Male,2,15,0
39,71112,Mumbai,Female,7,81,0
46,43429,Delhi,Female,4,77,0
20,70200,Bangalore,Female,18,8,1
29,91308,Bangalore,Male,6,80,1
43,68244,Delhi,Female,9,77,0
33,37347,Bangalore,Male,9,81,1
54,36920,Mumbai,Male,14,52,0
39,51822,Delhi,Female,8,30,0
46,66659,Delhi,Female,19,106,1
31,60108,Delhi,Male,3,110,0
45,109099,Bangalore,Female,18,81,0
22,27967,Delhi,Female,5,43,0
64,31871,Delhi,Male,14,96,1
47,114299,Delhi,Male,4,62,0
63,97452,Bangalore,Male,7,23,1
22,94270,Mumbai,Male,12,92,1
29,53613,Delhi,Female,2,87,0
33,48179,Mumbai,Female,11,117,1
43,72188,Bangalore,Male,14,81,1
43,75099,Bangalore,Male,16,81,0
38,55262,Bangalore,Male,6,62,1
56,98213,Bangalore,Female,4,32,0
53,38268,Mumbai,Male,15,70,1
50,97866,Delhi,Female,1,14,0
47,106269,Bangalore,Male,7,90,1
54,80545,Bangalore,Male,12,81,0
40,112822,Mumbai,Male,10,62,1
27,92146,Mumbai,Female,5,77,1
22,91966,Bangalore,Female,12,101,0
53,59922,Delhi,Female,18,18,0
51,99364,Delhi,Male,10,116,0
48,62913,Bangalore,Female,6,88,1
27,117033,Mumbai,Female,12,19,1
36,75677,Bangalore,Male,7,100,1
49,69841,Bangalore,Male,18,37,0
18,66332,Mumbai,Female,2,21,0
22,112062,Bangalore,Female,10,28,0
62,115694,Bangalore,Female,15,34,0
21,45032,Bangalore,Female,12,66,1
33,57846,Mumbai,Male,17,17,1
41,79474,Delhi,Male,4,66,0
33,64936,Delhi,Male,7,51,0
19,49794,Mumbai,Female,9,116,0
45,81588,Delhi,Female,19,20,1
49,90984,Bangalore,Male,7,70,0
44,70331,Delhi,Male,2,85,1
37,114397,Bangalore,Female,6,100,1
41,48141,Delhi,Female,18,47,0
29,29074,Mumbai,Male,6,12,0
52,26406,Delhi,Male,13,7,0
50,117359,Delhi,Male,19,16,1
50,43291,Delhi,Female,2,88,0
60,61568,Mumbai,Female,12,20,1
54,117539,Delhi,Female,15,82,1
29,66851,Mumbai,Female,14,84,1
20,119942,Bangalore,Female,6,63,1
18,74823,Delhi,Female,18,53,1
50,43312,Mumbai,Male,5,67,0
57,63108,Mumbai,Male,18,66,0
27,86918,Delhi,Female,3,111,1
60,54171,Bangalore,Male,3,53,1
61,61779,Mumbai,Female,10,55,0
46,88828,Delhi,Male,19,37,1
30,118723,Bangalore,Female,3,34,1
29,32411,Mumbai,Male,12,63,1
48,77009,Mumbai,Male,16,80,1
63,35422,Bangalore,Female,17,19,1
19,62468,Bangalore,Female,7,86,0
52,52371,Delhi,Male,13,96,0
40,77022,Delhi,Male,2,27,1
34,91229,Mumbai,Female,4,82,0
43,119071,Bangalore,Male,10,98,1
25,71196,Bangalore,Female,7,101,0
46,100354,Bangalore,Female,17,49,1
43,116774,Mumbai,Male,6,66,0
27,116410,Bangalore,Female,19,83,1
43,46715,Bangalore,Male,5,75,0
51,47605,Mumbai,Male,10,19,0
58,119853,Delhi,Female,9,110,1
24,51174,Delhi,Male,13,50,0
21,29956,Mumbai,Female,19,68,1
62,96373,Bangalore,Female,6,106,0
28,89252,Mumbai,Female,4,50,0
46,81949,Delhi,Male,3,60,0
53,82646,Delhi,Female,3,48,1
42,90017,Mumbai,Male,4,79,1
38,83037,Mumbai,Female,5,33,0
53,109818,Delhi,Female,8,99,1
27,26548,Mumbai,Female,16,66,0
54,93294,Delhi,Male,3,93,1
26,43177,Mumbai,Male,12,56,0
41,44022,Mumbai,Female,8,58,0
52,25542,Mumbai,Female,13,92,0
52,111012,Delhi,Male,4,61,1
53,116320,Mumbai,Male,14,87,0
35,80428,Delhi,Male,14,70,0
56,42740,Delhi,Female,13,26,1
49,79353,Mumbai,Male,6,24,0
41,110353,Mumbai,Female,17,37,0
40,76532,Delhi,Male,4,76,0
49,36052,Delhi,Female,8,29,0
54,67076,Bangalore,Female,17,50,1
29,73420,Delhi,Female,3,77,1
30,20671,Bangalore,Male,17,102,0
40,20163,Bangalore,Male,9,61,0
42,61424,Bangalore,Male,2,91,0
52,73744,Mumbai,Female,13,9,0
58,90331,Mumbai,Female,2,59,1
47,30634,Delhi,Male,11,65,0
34,24798,Bangalore,Female,15,93,1
37,42420,Mumbai,Female,11,12,0
42,49300,Mumbai,Female,3,20,0
39,109881,Mumbai,Male,3,52,1
30,30749,Mumbai,Female,12,113,1
36,45121,Mumbai,Male,5,65,0
53,57487,Bangalore,Male,7,19,0
29,113947,Bangalore,Male,7,69,0
58,53361,Bangalore,Male,13,26,0
36,41223,Bangalore,Male,9,7,0
29,92930,Delhi,Female,13,106,1
26,34056,Bangalore,Male,12,58,0
24,48380,Mumbai,Male,13,18,0
45,46035,Bangalore,Male,10,40,1
31,50620,Delhi,Female,1,86,1
48,39877,Mumbai,Female,8,115,1
36,75316,Bangalore,Female,16,109,1
64,84041,Bangalore,Female,13,86,1
33,73352,Bangalore,Male,3,71,0
22,50911,Mumbai,Male,3,14,0
52,52784,Mumbai,Female,5,53,0
29,23191,Delhi,Female,11,107,0
42,53160,Mumbai,Female,7,115,1
38,110536,Mumbai,Female,10,69,1
53,84641,Bangalore,Male,10,95,0
40,69723,Mumbai,Female,2,61,0
33,23631,Bangalore,Female,3,31,0
56,26172,Bangalore,Female,8,79,0
62,62080,Mumbai,Female,11,117,1
59,109097,Delhi,Female,13,9,0
56,110353,Delhi,Female,7,75,0
31,40281,Mumbai,Female,13,87,0
48,48671,Delhi,Male,2,61,1
22,71431,Bangalore,Male,6,97,1
52,110900,Bangalore,Male,9,19,1
40,112961,Mumbai,Male,2,103,0
46,48602,Delhi,Male,18,115,1
60,108789,Delhi,Male,16,105,1
28,71399,Bangalore,Female,12,80,1
35,43472,Mumbai,Female,7,34,0
64,69230,Delhi,Male,7,24,0
29,93616,Mumbai,Female,17,41,0
26,27099,Delhi,Male,13,7,1
27,45431,Bangalore,Female,11,77,1
61,76492,Bangalore,Female,6,45,0
34,116722,Mumbai,Female,14,43,0
55,67684,Bangalore,Female,6,30,0
24,50111,Delhi,Female,6,6,0
63,83936,Bangalore,Female,2,27,1
30,42614,Mumbai,Male,15,27,1
57,112260,Mumbai,Male,17,89,0
59,61991,Mumbai,Female,8,20,0
26,90476,Delhi,Male,5,13,0
44,80920,Delhi,Female,17,17,0
19,114294,Delhi,Male,1,32,0
22,83530,Delhi,Female,18,31,0
46,56224,Delhi,Male,15,55,1
54,27788,Bangalore,Female,5,68,0
55,48082,Delhi,Male,7,56,0
36,109570,Delhi,Female,18,85,1
25,96816,Bangalore,Male,6,42,0
62,103588,Delhi,Female,5,104,1
18,36531,Mumbai,Female,19,69,0
39,108340,Delhi,Female,10,22,0
34,114439,Delhi,Male,15,67,1
24,64857,Mumbai,Male,10,55,0
42,30142,Mumbai,Male,16,13,0
62,68355,Mumbai,Female,12,17,1
21,29866,Mumbai,Male,18,44,1
53,90067,Delhi,Female,1,59,0
23,84027,Mumbai,Male,16,113,1
48,77906,Mumbai,Male,6,83,1
36,48138,Bangalore,Male,3,47,1
61,112601,Mumbai,Male,2,48,0
56,49956,Mumbai,Female,2,114,1
44,96295,Bangalore,Male,13,72,1
27,25439,Bangalore,Male,9,37,1
43,67241,Delhi,Female,16,28,1
36,62533,Bangalore,Female,5,40,1
56,48270,Delhi,Male,7,119,1
20,98815,Bangalore,Male,13,109,1
62,59279,Bangalore,Female,13,14,1
30,43888,Delhi,Female,7,104,0
45,37630,Bangalore,Female,10,24,1
37,81063,Delhi,Male,15,109,1
45,55144,Bangalore,Male,6,113,0
25,72161,Mumbai,Male,5,112,1
58,116718,Bangalore,Female,2,79,0
56,111074,Delhi,Female,15,16,1
18,97360,Bangalore,Female,16,66,1
20,70979,Delhi,Male,19,22,1
30,117661,Delhi,Female,9,98,1
45,26979,Mumbai,Male,19,112,1
42,46189,Mumbai,Female,7,116,0
50,62600,Delhi,Male,4,105,0
55,79560,Bangalore,Male,3,67,1
23,98040,Delhi,Female,11,88,1
61,81558,Delhi,Male,1,29,0
62,106205,Bangalore,Female,6,16,1
49,26910,Bangalore,Male,11,25,0
62,77713,Bangalore,Female,1,29,0
64,66857,Bangalore,Female,7,15,1
38,54964,Delhi,Male,6,68,0
33,105667,Delhi,Female,14,77,1
38,45227,Mumbai,Male,2,54,1
28,25978,Delhi,Female,4,66,0
54,107527,Bangalore,Female,11,93,0
53,37153,Mumbai,Female,15,103,1
52,79765,Bangalore,Female,18,100,1
36,119084,Delhi,Male,1,53,0
37,59071,Mumbai,Female,3,18,0
35,89519,Bangalore,Female,3,5,0
64,29503,Mumbai,Male,7,85,1
58,80703,Mumbai,Male,1,29,0
31,84379,Delhi,Male,11,63,1
32,115457,Bangalore,Male,6,76,0
48,77866,Mumbai,Male,3,73,1
18,36905,Mumbai,Male,19,9,0
20,65838,Bangalore,Female,2,109,1
33,78279,Mumbai,Male,18,103,1
40,109489,Mumbai,Female,12,23,1
28,46806,Mumbai,Male,10,27,0
29,65000,Bangalore,Female,5,13,0
27,42168,Bangalore,Female,9,98,0
49,90119,Bangalore,Female,2,54,0
33,58714,Bangalore,Male,2,20,0
25,74093,Delhi,Male,6,37,1
55,75419,Mumbai,Male,10,6,1
29,69145,Bangalore,Male,18,18,1
41,97425,Mumbai,Female,12,114,1
45,112949,Mumbai,Male,4,5,1
25,97811,Delhi,Female,17,94,1
45,22461,Bangalore,Female,15,62,0
53,34291,Bangalore,Male,6,93,1
43,66804,Mumbai,Male,16,20,1
25,96971,Bangalore,Male,17,83,1
45,113471,Mumbai,Female,3,94,0
45,84946,Mumbai,Male,10,51,0
54,118989,Delhi,Female,5,48,1
58,104080,Delhi,Male,14,84,0
53,81332,Delhi,Female,13,18,0
44,97794,Mumbai,Male,6,97,1
34,50841,Bangalore,Male,12,28,0
26,68758,Delhi,Female,8,115,1
50,96272,Bangalore,Male,5,59,1
37,57643,Delhi,Male,15,19,0
30,70408,Delhi,Male,16,87,1
45,63950,Mumbai,Male,1,76,0
46,76849,Delhi,Male,16,38,1
30,48044,Delhi,Male,5,6,0
63,35997,Mumbai,Male,3,31,0
52,99751,Bangalore,Female,15,78,1
23,118605,Delhi,Female,13,103,1
35,43911,Mumbai,Male,16,91,1
22,75533,Delhi,Male,11,117,1
64,102566,Mumbai,Male,2,76,1
42,114870,Bangalore,Female,6,96,1
19,34571,Bangalore,Female,6,27,0
27,114463,Mumbai,Male,14,72,0
47,77941,Mumbai,Female,11,18,1
62,78005,Mumbai,Male,8,67,1
22,106250,Bangalore,Male,8,110,1
50,78712,Delhi,Male,1,97,0
18,63541,Bangalore,Male,7,69,0
35,43387,Mumbai,Female,6,72,1
49,113980,Mumbai,Female,8,67,1
64,68908,Bangalore,Male,19,100,1
28,105457,Mumbai,Female,8,101,1
38,33057,Bangalore,Female,14,117,1
43,84028,Mumbai,Male,18,94,1
42,75731,Delhi,Female,16,85,1
39,44858,Delhi,Male,9,107,1
44,68689,Mumbai,Male,15,91,1
30,64638,Bangalore,Male,10,68,0
50,111598,Delhi,Male,16,36,1
51,66486,Bangalore,Female,4,83,0
58,40567,Mumbai,Male,13,17,1
52,49739,Bangalore,Female,5,70,1
18,77804,Delhi,Male,7,23,1
38,23754,Bangalore,Male,9,28,0
23,47044,Bangalore,Female,8,113,1
45,87260,Mumbai,Male,16,92,1
34,86912,Mumbai,Female,6,15,1
22,28706,Mumbai,Female,16,63,1
48,28894,Delhi,Male,6,90,0
22,38037,Delhi,Male,14,19,0
55,103986,Mumbai,Male,1,14,1
20,101942,Mumbai,Male,9,45,1
40,71612,Delhi,Male,13,31,1
54,49725,Delhi,Male,19,64,1
54,25926,Delhi,Female,17,77,0
27,29496,Delhi,Female,11,56,0
27,76447,Mumbai,Male,8,32,0
36,49806,Delhi,Female,5,69,1
34,108199,Mumbai,Female,10,21,1
38,61321,Bangalore,Male,7,99,0
31,85095,Bangalore,Male,10,48,1
26,42656,Delhi,Female,4,14,0
63,75147,Bangalore,Male,9,67,0
18,111396,Bangalore,Female,14,105,0
62,69666,Bangalore,Male,2,97,1
30,102368,Delhi,Female,9,86,1
21,58787,Delhi,Female,1,51,1
18,82946,Bangalore,Female,10,42,0
57,41727,Mumbai,Female,10,107,0
49,115081,Bangalore,Male,3,117,0
51,88056,Delhi,Male,6,74,1
45,23081,Delhi,Female,6,108,1
48,54196,Delhi,Female,2,80,0
25,56735,Bangalore,Male,18,57,0
56,100102,Mumbai,Male,2,82,1
43,99578,Delhi,Female,12,48,0
51,45498,Delhi,Female,5,78,1
20,96865,Bangalore,Female,7,58,1
29,51656,Mumbai,Female,16,24,1
18,87695,Bangalore,Female,1,83,0
61,57900,Delhi,Male,1,35,0
22,104899,Mumbai,Female,17,11,0
47,67701,Mumbai,Male,1,62,1
47,39033,Delhi,Male,13,109,0
34,30805,Mumbai,Male,9,14,1
64,55851,Mumbai,Female,15,14,0
40,46832,Bangalore,Male,3,116,1
32,83437,Delhi,Male,14,43,1
54,33944,Delhi,Male,11,32,0
38,39873,Delhi,Male,12,34,0
31,60372,Delhi,Female,13,41,1
19,109464,Delhi,Female,13,71,1
28,35379,Mumbai,Male,1,118,1
56,56751,Bangalore,Male,10,47,1
55,109822,Delhi,Female,3,83,0
51,25110,Bangalore,Female,4,89,1
55,74341,Bangalore,Female,16,56,1
51,32087,Mumbai,Male,8,105,1
35,43762,Delhi,Female,16,60,1
47,102617,Mumbai,Male,17,80,0
32,29596,Delhi,Male,19,72,0
44,38313,Mumbai,Female,15,115,1
51,86549,Bangalore,Male,16,13,1
55,43705,Delhi,Female,15,107,1
50,87364,Bangalore,Male,2,110,0
41,93445,Bangalore,Female,11,96,1
32,98645,Mumbai,Male,1,27,0
47,22023,Delhi,Male,15,67,0
59,79796,Bangalore,Female,19,113,1
34,100073,Mumbai,Female,4,65,0
22,112197,Delhi,Female,11,44,1
46,84429,Delhi,Female,5,48,1
21,81627,Bangalore,Male,3,90,1
27,53848,Delhi,Female,13,28,0
34,57804,Bangalore,Female,10,55,1
27,35379,Delhi,Male,11,62,0
34,79664,Mumbai,Female,18,94,1
37,47766,Bangalore,Female,2,98,0
41,88099,Bangalore,Male,7,37,0
22,56060,Delhi,Female,9,20,0
51,114733,Delhi,Female,10,26,1
23,89122,Bangalore,Female,18,117,1
19,36087,Delhi,Female,7,61,0
30,68868,Mumbai,Female,7,66,0
60,43225,Delhi,Female,3,118,1
60,115286,Mumbai,Male,12,111,1
28,26643,Mumbai,Female,7,86,0
64,113059,Mumbai,Male,17,75,1
40,56727,Mumbai,Male,1,118,0
33,31005,Mumbai,Male,5,94,0
48,85697,Delhi,Male,16,76,1
28,36029,Mumbai,Female,15,74,1
33,34226,Delhi,Female,2,34,0
25,83646,Mumbai,Female,9,107,1
21,80603,Bangalore,Male,7,27,0
57,48731,Mumbai,Female,4,36,0
21,88926,Bangalore,Female,18,90,1
42,25997,Mumbai,Female,4,110,1
20,75506,Mumbai,Male,13,111,0
49,98229,Mumbai,Male,1,61,1
20,69815,Bangalore,Female,3,113,0
44,62092,Bangalore,Male,16,13,0
46,82539,Mumbai,Male,4,35,0
49,86077,Delhi,Female,16,75,1
36,41817,Mumbai,Male,19,13,1
38,57861,Bangalore,Male,1,17,0
22,33428,Mumbai,Female,5,62,0
35,63934,Bangalore,Male,19,7,1
45,30258,Bangalore,Male,11,39,1
59,77775,Bangalore,Male,13,101,1
39,101580,Mumbai,Male,5,25,0
38,114947,Bangalore,Male,4,68,1
23,25469,Bangalore,Male,4,99,1
18,48854,Mumbai,Male,4,56,1
22,26256,Bangalore,Male,4,38,1
58,96256,Mumbai,Female,18,100,1
29,53937,Bangalore,Female,18,39,1
43,119134,Delhi,Female,16,19,1
63,21651,Delhi,Female,9,100,0
51,70288,Bangalore,Male,18,10,0
31,104730,Delhi,Female,2,113,0
43,45051,Mumbai,Female,4,89,0
62,47386,Delhi,Male,12,101,1
44,95054,Bangalore,Male,7,36,0
26,36184,Bangalore,Male,15,56,0
43,53787,Mumbai,Male,7,87,0
64,41621,Bangalore,Male,17,101,1
39,95564,Mumbai,Female,16,32,1
64,97984,Delhi,Male,19,99,1
47,79792,Delhi,Female,9,89,0
60,65253,Mumbai,Female,14,102,1
34,54051,Mumbai,Male,17,68,1
43,69811,Bangalore,Female,5,83,1
53,50447,Delhi,Female,2,82,0
18,103930,Mumbai,Male,16,23,1
25,50254,Delhi,Female,14,111,1
52,104045,Mumbai,Female,14,19,1
32,77418,Delhi,Female,1,10,1
64,34472,Bangalore,Male,3,77,0
39,23471,Delhi,Male,7,105,1
31,115804,Delhi,Male,15,88,1
43,28329,Delhi,Female,19,102,1
45,54865,Delhi,Male,2,42,0
40,66850,Delhi,Female,19,30,0
31,74220,Bangalore,Male,9,86,0
41,113808,Mumbai,Female,19,96,1
19,26397,Delhi,Male,5,55,0
62,117909,Bangalore,Male,18,77,1
43,55525,Delhi,Female,16,100,1
31,73072,Delhi,Male,4,57,1
24,110106,Mumbai,Female,12,60,1
20,103820,Delhi,Male,7,63,1
64,104530,Bangalore,Male,14,74,1
40,43284,Bangalore,Female,12,82,1
63,81330,Mumbai,Female,3,96,0
60,103369,Delhi,Female,5,62,0
64,45122,Bangalore,Male,17,92,1
62,90553,Delhi,Female,10,17,1
35,101906,Delhi,Male,10,47,1
55,114788,Delhi,Female,11,80,1
52,82812,Mumbai,Female,17,55,1
32,27999,Delhi,Female,5,23,1
42,42436,Bangalore,Female,13,25,1
54,62963,Delhi,Female,10,95,0
45,22096,Bangalore,Female,9,87,0
27,45279,Delhi,Male,17,28,0
56,46201,Bangalore,Female,1,30,0
34,39715,Bangalore,Male,4,49,0
56,49309,Delhi,Female,4,32,1
39,35078,Delhi,Female,18,114,1
43,76614,Bangalore,Female,9,86,1
61,25105,Mumbai,Male,18,112,0
42,114848,Delhi,Male,14,104,1
34,22839,Mumbai,Female,15,110,1
30,88920,Delhi,Male,6,33,0
37,63619,Delhi,Female,10,21,1
42,62821,Delhi,Female,15,72,1
21,33493,Delhi,Male,4,48,0
27,37069,Mumbai,Male,18,113,1
20,27531,Delhi,Male,18,65,0
58,57051,Bangalore,Male,17,97,1
62,27736,Bangalore,Female,12,72,0
35,27710,Mumbai,Male,7,78,1
64,87155,Delhi,Male,16,29,0
53,33975,Bangalore,Female,11,99,1
64,82424,Mumbai,Male,14,71,0
39,65603,Delhi,Male,3,115,0
51,43252,Bangalore,Male,19,6,1
64,100797,Bangalore,Male,18,93,1
25,21431,Mumbai,Female,10,53,1
57,94603,Delhi,Female,6,74,1
61,57481,Delhi,Male,13,30,1
36,112573,Bangalore,Male,10,76,1
59,29557,Bangalore,Female,18,103,0
58,94971,Bangalore,Male,16,31,1
54,20162,Delhi,Male,6,93,1
23,54742,Mumbai,Male,13,22,0
43,39675,Mumbai,Male,4,58,0
51,93997,Delhi,Male,14,5,1
62,37015,Mumbai,Male,1,65,0
23,70057,Bangalore,Male,5,116,1
54,52591,Mumbai,Male,8,107,0
50,113583,Mumbai,Male,12,7,1
39,29833,Mumbai,Female,2,72,0
38,27896,Bangalore,Female,12,45,1
23,52972,Delhi,Female,5,41,0
23,69733,Bangalore,Male,5,55,1
21,61800,Delhi,Male,13,19,1
47,116044,Delhi,Female,9,12,1
28,25347,Delhi,Male,10,42,0
47,79063,Mumbai,Female,1,118,0
48,115850,Mumbai,Male,3,87,1
41,22643,Delhi,Female,18,60,1
26,60785,Delhi,Female,12,51,0
20,38681,Mumbai,Female,3,94,1
48,70026,Bangalore,Male,9,107,1
57,35892,Delhi,Female,2,14,0
54,67299,Bangalore,Male,3,106,0
53,37073,Mumbai,Male,14,82,0
41,50682,Delhi,Male,4,53,0
48,117798,Bangalore,Male,19,45,0
23,116894,Bangalore,Male,13,87,0
19,34289,Bangalore,Male,7,34,0
37,27927,Mumbai,Male,12,9,0
45,68330,Mumbai,Female,3,99,1
28,86707,Bangalore,Female,9,75,1
21,97454,Bangalore,Female,2,87,0
32,85428,Mumbai,Male,9,35,0
23,70601,Bangalore,Male,12,56,0
47,97465,Bangalore,Male,12,107,1
55,22539,Mumbai,Male,15,92,0
19,42669,Bangalore,Female,2,102,1
32,90968,Bangalore,Male,18,27,1
28,40644,Bangalore,Female,13,52,1
25,38745,Mumbai,Male,14,113,1
43,48228,Bangalore,Female,5,44,1
62,54521,Mumbai,Male,10,10,0
61,117239,Mumbai,Female,12,42,1
22,46928,Delhi,Male,10,45,1
23,38322,Delhi,Female,11,104,1
43,77714,Bangalore,Male,2,31,1
21,107896,Mumbai,Female,5,79,1
36,82292,Delhi,Female,7,73,0
37,49055,Bangalore,Male,6,61,1
50,62891,Delhi,Female,3,21,0
37,101912,Delhi,Male,13,75,1
29,26588,Mumbai,Male,3,95,0
64,110536,Mumbai,Male,6,51,1
18,26304,Delhi,Female,11,83,1
43,27345,Delhi,Female,17,114,0
31,49300,Mumbai,Male,10,17,1
55,44259,Bangalore,Male,12,15,1
54,111006,Mumbai,Female,17,113,1
28,108553,Delhi,Female,4,94,0
53,35352,Bangalore,Female,2,90,1
30,53365,Delhi,Male,11,96,1
60,39446,Bangalore,Male,7,28,0
20,22336,Delhi,Male,2,97,0
50,82032,Bangalore,Male,18,77,0
23,95415,Bangalore,Male,4,110,1
27,117852,Delhi,Female,8,8,0
22,118876,Bangalore,Male,14,117,1
40,27521,Mumbai,Female,12,50,1
27,91707,Delhi,Female,18,22,1
61,43481,Mumbai,Male,11,47,0
19,38474,Delhi,Female,8,84,0
30,66760,Bangalore,Male,2,37,0
57,75718,Bangalore,Female,15,97,0
19,64629,Bangalore,Male,9,107,0
37,65232,Delhi,Male,19,14,1
18,106544,Mumbai,Female,8,77,1
54,87169,Mumbai,Male,19,63,1
26,70669,Delhi,Female,5,35,0
34,98021,Delhi,Male,11,32,1
26,89184,Mumbai,Male,15,64,0
28,67945,Mumbai,Male,8,7,1
32,33140,Mumbai,Female,19,59,1
41,103457,Mumbai,Female,8,18,0
55,34357,Delhi,Male,19,62,1
52,88673,Delhi,Female,18,93,1
47,85633,Bangalore,Male,10,19,0
48,96943,Mumbai,Female,7,6,0
22,116111,Bangalore,Female,9,28,1
61,98258,Delhi,Male,1,82,0
31,32924,Delhi,Male,19,68,1
28,89286,Bangalore,Male,5,116,1
26,113269,Mumbai,Male,19,75,1
51,94071,Mumbai,Male,1,104,0
29,77326,Mumbai,Female,15,118,0
52,110023,Mumbai,Female,16,28,0
52,50651,Bangalore,Male,7,31,0
18,90202,Bangalore,Male,12,41,1
57,68777,Delhi,Male,8,106,1
39,36994,Mumbai,Female,5,98,0
46,87263,Mumbai,Male,10,95,0
25,79634,Mumbai,Male,5,43,0
28,30800,Bangalore,Female,17,67,1
58,57823,Mumbai,Female,5,83,0
54,83878,Bangalore,Female,15,30,1
31,38708,Mumbai,Female,13,69,0
47,32819,Mumbai,Male,1,8,0
52,94905,Delhi,Female,11,33,1
38,83870,Mumbai,Female,1,5,0
54,29283,Mumbai,Male,11,111,0
22,50573,Delhi,Male,18,54,1
36,98707,Bangalore,Male,18,114,1
31,50933,Bangalore,Female,16,90,1
43,25774,Mumbai,Male,13,15,1
21,92055,Bangalore,Female,7,78,1
42,30983,Mumbai,Female,1,63,0
62,116468,Delhi,Female,16,66,0
59,116334,Delhi,Male,1,85,0
42,38133,Mumbai,Female,17,40,0
35,34939,Delhi,Male,6,60,1
57,20781,Delhi,Male,2,115,0
25,76700,Mumbai,Male,17,94,0
56,47624,Mumbai,Female,6,116,0
57,26823,Delhi,Female,14,25,0
31,38489,Bangalore,Female,18,17,1
49,59961,Bangalore,Male,6,13,1
55,49118,Mumbai,Female,10,15,0
50,101816,Mumbai,Female,18,79,1
40,42263,Bangalore,Female,9,74,0
32,33565,Delhi,Female,8,5,1
50,40354,Bangalore,Female,10,74,1
42,62951,Bangalore,Male,17,81,1
34,111179,Bangalore,Male,6,90,0
50,43648,Bangalore,Male,14,60,1
64,70729,Mumbai,Male,6,35,0
19,61971,Mumbai,Female,7,90,1
31,38658,Delhi,Male,12,41,0
57,41253,Delhi,Female,3,51,1
57,84166,Delhi,Male,14,95,1
56,68563,Delhi,Male,19,118,1
23,46390,Bangalore,Male,16,82,0
23,108664,Mumbai,Female,7,51,0
20,71578,Mumbai,Female,8,73,1
24,99025,Delhi,Male,18,62,1
25,52658,Delhi,Female,13,40,1
59,26852,Bangalore,Male,9,36,0
32,114986,Bangalore,Male,10,102,1
64,22551,Delhi,Male,9,68,0
46,91947,Mumbai,Female,15,75,1
50,81001,Mumbai,Male,2,46,0
47,69159,Mumbai,Male,13,52,0
56,71707,Delhi,Male,2,78,1
44,53243,Mumbai,Female,19,118,0
53,41800,Bangalore,Male,2,85,0
46,95939,Bangalore,Female,3,34,0
55,77828,Delhi,Male,6,25,1
50,27239,Bangalore,Female,3,64,0
54,26710,Delhi,Male,10,17,0
44,41384,Mumbai,Male,6,5,0
50,41038,Mumbai,Female,16,69,0
21,60846,Mumbai,Female,17,115,1
39,107983,Bangalore,Male,19,37,1
19,87821,Delhi,Female,3,42,1
27,57991,Mumbai,Male,18,29,0
22,99057,Delhi,Male,7,30,0
27,26971,Mumbai,Male,9,81,0
50,49139,Bangalore,Female,12,63,1
55,105445,Bangalore,Male,5,96,1
30,97067,Delhi,Female,3,37,0
48,100257,Bangalore,Male,11,105,1
64,104742,Bangalore,Female,4,45,0
53,57711,Delhi,Female,5,34,1
62,26530,Mumbai,Male,1,61,0
41,31116,Bangalore,Female,18,53,0
32,85794,Delhi,Male,12,52,1
46,20282,Bangalore,Male,13,76,1
25,99473,Bangalore,Male,9,53,1
22,21898,Bangalore,Male,2,51,0
46,24135,Bangalore,Male,5,60,0
64,26629,Delhi,Female,13,69,0
21,105120,Delhi,Male,16,16,1
29,109087,Delhi,Female,16,73,0
62,85031,Bangalore,Female,3,92,1
19,53380,Bangalore,Male,4,10,0
44,37071,Bangalore,Female,11,93,0
48,40074,Delhi,Male,14,69,0
53,110724,Bangalore,Female,3,29,1
53,87843,Mumbai,Female,16,5,0
43,59901,Bangalore,Female,15,36,0
60,31205,Mumbai,Male,10,110,0
44,75661,Bangalore,Female,9,110,1
22,25906,Delhi,Male,11,7,0
37,22591,Bangalore,Female,16,53,1
28,82987,Mumbai,Female,10,23,1
27,83370,Mumbai,Female,17,64,0
57,100685,Bangalore,Female,19,111,1
55,74400,Mumbai,Male,2,33,0
23,45150,Mumbai,Male,2,54,0
25,51852,Delhi,Female,6,6,0
40,62870,Bangalore,Female,19,77,1
64,72756,Bangalore,Male,8,60,1
43,76481,Bangalore,Male,3,21,1
63,21283,Mumbai,Male,14,64,1
60,53691,Bangalore,Male,16,114,1
29,21125,Bangalore,Female,1,40,0
43,87065,Delhi,Female,3,65,1
30,46170,Delhi,Male,18,21,1
57,28438,Delhi,Male,9,53,1
35,40095,Mumbai,Male,6,80,1
42,36154,Bangalore,Male,1,64,1
50,28004,Delhi,Male,10,24,0
64,29752,Delhi,Male,6,54,0
57,75426,Delhi,Female,12,7,1
60,46819,Bangalore,Female,4,47,0
29,112051,Bangalore,Female,13,61,1
61,44217,Bangalore,Male,17,54,1
53,108708,Mumbai,Male,8,72,0
21,52994,Mumbai,Male,3,85,1
22,35036,Delhi,Female,12,54,0
54,97275,Bangalore,Male,7,41,0
25,117756,Delhi,Male,12,50,0
59,69416,Bangalore,Female,2,46,0
45,29587,Bangalore,Male,14,19,0
48,115665,Bangalore,Female,5,37,1
26,20645,Mumbai,Female,9,84,0
46,50930,Mumbai,Male,11,15,0
31,101835,Bangalore,Female,5,24,0
57,50090,Delhi,Male,3,106,1
58,107489,Bangalore,Female,17,28,0
39,72142,Bangalore,Male,2,68,0
28,46475,Delhi,Female,1,84,0
40,38888,Bangalore,Male,7,98,1
18,63732,Delhi,Female,14,102,1
63,101623,Mumbai,Female,5,69,0
54,66305,Mumbai,Female,19,92,1
38,66037,Delhi,Male,11,92,0
43,29346,Mumbai,Male,2,77,0
63,20587,Mumbai,Female,8,90,1
53,32763,Delhi,Male,9,80,1
40,79165,Mumbai,Female,3,21,1
18,89615,Bangalore,Male,2,93,0
57,56116,Bangalore,Female,7,96,1
32,105751,Delhi,Male,5,65,1
38,111353,Mumbai,Female,5,19,0
64,110301,Bangalore,Female,13,98,1
26,115648,Bangalore,Female,6,55,0
26,45556,Mumbai,Female,18,31,0
27,79042,Mumbai,Male,2,90,0
43,38099,Bangalore,Female,6,78,0
58,65096,Bangalore,Male,9,65,0
52,91986,Delhi,Male,3,62,0
42,33230,Delhi,Female,1,35,0
43,49009,Bangalore,Male,1,95,0
28,90969,Delhi,Male,19,16,0
55,53866,Bangalore,Male,5,50,0
19,104246,Bangalore,Female,13,35,0
24,96975,Delhi,Male,19,36,1
35,61855,Delhi,Male,12,36,1
44,101557,Mumbai,Female,16,109,1
51,26416,Mumbai,Female,19,113,1
44,92516,Mumbai,Male,3,103,1
34,75915,Bangalore,Female,12,57,1
60,38058,Delhi,Male,5,65,1
61,96637,Bangalore,Male,2,50,0
41,60718,Delhi,Male,7,89,1
42,52602,Bangalore,Female,13,78,0
24,94658,Mumbai,Male,15,84,1
23,98112,Mumbai,Female,3,11,1
41,78067,Mumbai,Female,5,8,1
50,47516,Bangalore,Male,8,95,0
46,107969,Delhi,Female,1,56,1
60,21089,Delhi,Female,8,93,0
39,57346,Mumbai,Female,18,35,1
43,94663,Mumbai,Female,16,79,1
45,30487,Mumbai,Female,18,116,1
38,20155,Mumbai,Male,12,88,1
24,87494,Delhi,Female,13,40,1
34,96229,Bangalore,Male,13,58,1
37,58547,Bangalore,Male,10,58,1
58,48795,Bangalore,Male,7,21,0
37,75296,Bangalore,Male,14,113,1
39,41447,Mumbai,Male,16,79,1
45,56598,Mumbai,Male,15,34,0
57,61814,Mumbai,Female,12,103,1
24,110751,Bangalore,Female,9,109,1
18,95330,Mumbai,Female,8,106,0
49,118745,Mumbai,Male,18,26,0
30,107960,Delhi,Female,18,47,1
47,83278,Delhi,Female,13,116,1
40,75077,Mumbai,Female,18,119,1
36,91906,Delhi,Male,15,31,1
49,29528,Delhi,Female,4,41,1
47,113812,Mumbai,Male,17,50,1
46,70100,Mumbai,Female,5,117,0
62,28179,Mumbai,Male,16,39,1
46,68781,Mumbai,Male,9,8,0
47,75267,Bangalore,Male,10,84,1
33,102379,Bangalore,Female,18,84,1
57,43952,Mumbai,Female,17,89,1
36,73798,Delhi,Male,18,30,1
35,118696,Mumbai,Female,7,104,1
18,70939,Mumbai,Male,4,23,0
31,49516,Delhi,Male,5,85,0
64,76526,Bangalore,Female,16,49,1
19,30449,Mumbai,Female,3,30,1
45,70290,Mumbai,Female,18,26,1
47,106661,Bangalore,Male,14,62,1
55,92954,Bangalore,Male,15,67,0
21,42746,Delhi,Female,17,32,0
18,87990,Bangalore,Male,1,69,1
25,78810,Bangalore,Female,17,48,0
46,103297,Bangalore,Male,11,104,1
56,35223,Delhi,Female,17,47,0
20,92237,Bangalore,Female,14,41,1
49,22597,Bangalore,Male,19,70,0
27,85677,Delhi,Female,7,21,0
27,22659,Bangalore,Female,13,44,1
36,106516,Bangalore,Male,18,42,1
63,94567,Delhi,Female,14,89,1
51,35037,Mumbai,Male,1,65,0
50,66738,Delhi,Female,7,13,1
40,91678,Bangalore,Male,8,81,0
45,32109,Bangalore,Female,18,79,0
49,42010,Bangalore,Female,9,65,1
24,28787,Delhi,Female,1,84,0
46,28472,Bangalore,Female,17,20,1
25,43383,Bangalore,Male,19,6,1
18,81709,Delhi,Male,6,110,0
20,89785,Mumbai,Male,3,112,0
41,54518,Mumbai,Male,5,76,1
40,73909,Bangalore,Male,2,47,0
25,38351,Delhi,Male,4,46,0
64,89624,Bangalore,Male,10,81,0
54,73330,Delhi,Female,10,61,1
20,35282,Delhi,Female,11,85,1
50,104866,Mumbai,Female,16,107,1
45,41778,Mumbai,Female,17,92,1
64,44264,Delhi,Male,16,71,0
25,79675,Bangalore,Male,7,34,0
51,25075,Mumbai,Male,16,17,1
52,95948,Bangalore,Female,3,23,0
49,68454,Mumbai,Male,16,11,1
41,48365,Mumbai,Female,8,13,0
31,92766,Bangalore,Male,12,87,1
49,68200,Mumbai,Male,3,113,1
63,31002,Mumbai,Male,17,58,1
60,33947,Bangalore,Male,18,108,1
33,99222,Mumbai,Female,11,90,1
21,114840,Mumbai,Female,4,86,1
54,98610,Mumbai,Male,16,65,1
38,72142,Bangalore,Female,17,91,1
31,76307,Delhi,Male,9,6,0
48,24493,Bangalore,Male,6,54,1
35,70085,Delhi,Male,2,118,0
24,54228,Mumbai,Male,9,79,1
27,99676,Delhi,Female,6,35,1
24,71875,Bangalore,Male,3,37,0
50,51655,Bangalore,Male,6,82,1
40,63472,Mumbai,Female,7,84,1
38,69437,Delhi,Male,1,15,1
36,69416,Mumbai,Female,1,37,1
36,79711,Mumbai,Male,5,11,0
53,26816,Bangalore,Male,6,35,0
46,97175,Delhi,Male,13,52,1
35,84307,Delhi,Male,2,114,0
19,66733,Delhi,Male,15,51,1
18,115028,Delhi,Male,15,82,1
64,31240,Mumbai,Female,13,96,1
22,118234,Mumbai,Male,14,57,1
37,112493,Bangalore,Female,7,111,0
28,118344,Mumbai,Female,14,84,0
59,91363,Mumbai,Male,10,23,0
19,52762,Bangalore,Female,17,85,1
20,28259,Bangalore,Male,14,94,1
40,70139,Bangalore,Female,8,10,0
29,34849,Mumbai,Male,4,111,0
37,101768,Mumbai,Female,16,53,1
22,109709,Bangalore,Female,13,77,1
54,74869,Bangalore,Male,18,54,0
55,83095,Bangalore,Female,14,85,0
47,90910,Mumbai,Male,18,99,1
26,106710,Mumbai,Male,5,16,0
51,43567,Delhi,Male,9,27,0
61,55292,Mumbai,Male,3,58,1
52,94813,Mumbai,Male,8,73,0
39,117136,Mumbai,Female,10,111,1
61,71631,Bangalore,Female,19,104,1
41,29885,Mumbai,Female,3,63,1
34,79659,Bangalore,Male,11,40,1
27,74306,Delhi,Female,11,7,1
47,86314,Delhi,Female,17,62,1
63,85087,Bangalore,Female,16,92,1
40,49165,Bangalore,Female,7,59,0
49,78929,Bangalore,Female,4,61,0
34,87028,Mumbai,Male,19,21,0
34,115998,Delhi,Male,12,43,1
31,69812,Bangalore,Female,15,94,1
26,70500,Mumbai,Male,11,72,0
57,99151,Delhi,Male,5,59,0
19,78643,Mumbai,Female,5,49,1
62,64900,Delhi,Female,15,80,1
42,62946,Mumbai,Male,18,5,1
56,27851,Delhi,Female,11,25,0
26,36288,Delhi,Male,12,87,0
39,92692,Mumbai,Male,2,25,0
60,87580,Bangalore,Female,15,56,1
63,27368,Delhi,Male,4,86,1
21,105436,Bangalore,Male,18,47,1
43,116136,Mumbai,Male,6,56,1
46,66403,Bangalore,Female,19,71,0
62,111170,Bangalore,Female,11,117,0
51,29168,Bangalore,Female,2,48,0
40,106497,Bangalore,Female,8,36,1
54,69879,Bangalore,Male,11,14,0
28,79871,Delhi,Female,5,68,0
23,109388,Delhi,Female,18,108,0
35,118646,Delhi,Female,18,83,1
38,52174,Mumbai,Female,14,73,1
59,119751,Bangalore,Male,10,72,0
53,112491,Delhi,Male,3,32,0
58,26581,Mumbai,Male,9,57,1
55,91853,Delhi,Female,3,55,0
51,84046,Delhi,Female,11,57,1
34,69678,Bangalore,Male,12,8,0
54,46649,Mumbai,Female,12,83,1
42,108668,Bangalore,Female,3,21,0
55,102325,Bangalore,Male,7,112,1
29,34567,Delhi,Male,14,71,1
40,100404,Bangalore,Female,11,78,1
59,109906,Mumbai,Female,7,51,0
39,116019,Bangalore,Female,10,110,1
38,81944,Bangalore,Male,11,60,1
44,98002,Bangalore,Male,15,27,0
48,48803,Delhi,Male,19,22,0
23,38230,Mumbai,Male,16,5,0
44,37862,Delhi,Female,12,39,1
57,63355,Delhi,Male,18,68,1
51,51259,Delhi,Male,13,62,0
29,119075,Delhi,Female,5,99,0
62,107445,Delhi,Female,4,63,0
24,50795,Mumbai,Female,14,112,1
27,28770,Bangalore,Male,8,5,1
62,31093,Delhi,Female,9,7,0
34,66571,Delhi,Female,19,71,0
43,20193,Mumbai,Male,3,41,0
38,37569,Mumbai,Male,5,87,0
45,31190,Bangalore,Female,18,33,1
63,82824,Mumbai,Male,1,93,1
19,62752,Bangalore,Female,8,37,0
60,52327,Delhi,Female,19,104,1
18,62070,Delhi,Male,17,65,0
53,105925,Bangalore,Female,17,97,1
43,60197,Mumbai,Male,11,94,1
46,22261,Bangalore,Male,2,8,0
38,113905,Mumbai,Male,6,117,0
28,46512,Delhi,Female,14,18,1
57,26716,Mumbai,Male,3,118,0
28,106795,Bangalore,Male,12,95,1
53,48933,Bangalore,Female,4,37,0
56,24378,Delhi,Female,12,26,0
57,60583,Mumbai,Female,13,52,1
52,105371,Mumbai,Female,2,7,0
51,49033,Mumbai,Male,2,91,0
64,44000,Delhi,Male,15,89,0
41,95868,Mumbai,Male,17,109,1
39,62604,Bangalore,Female,7,27,1
22,88336,Mumbai,Female,14,72,0
50,115074,Delhi,Male,12,25,1
53,115655,Mumbai,Female,17,105,1
64,93869,Mumbai,Female,14,47,0
37,25410,Bangalore,Male,6,99,1
36,103375,Mumbai,Male,19,89,1
52,76044,Bangalore,Female,6,30,1
60,83315,Bangalore,Female,18,45,1
34,116055,Delhi,Female,5,103,1
62,91344,Bangalore,Male,6,42,1
60,26796,Bangalore,Male,2,92,0
51,106716,Delhi,Male,8,15,0
26,74245,Bangalore,Male,15,109,0
43,63056,Delhi,Male,15,33,0
19,37709,Mumbai,Female,11,115,0
26,78557,Delhi,Female,1,64,0
26,37543,Bangalore,Female,18,71,0
57,57418,Delhi,Male,12,69,0
34,114611,Bangalore,Male,12,65,0
18,116038,Mumbai,Male,11,23,0
42,36724,Delhi,Female,8,50,0
60,23828,Mumbai,Male,7,53,1
57,37087,Bangalore,Male,2,26,1
59,32605,Bangalore,Female,11,82,1
42,51337,Mumbai,Male,10,117,1
56,25482,Delhi,Female,3,61,1
52,85333,Delhi,Male,10,18,0
20,112541,Bangalore,Male,18,48,1
54,108296,Mumbai,Female,14,20,1
61,70952,Mumbai,Female,18,101,1
61,25463,Delhi,Female,8,81,0
47,90448,Delhi,Female,10,106,1
55,24648,Delhi,Female,13,117,0
51,53623,Mumbai,Female,8,16,1
29,79156,Delhi,Male,4,59,1
36,55634,Delhi,Male,4,55,0
54,64602,Bangalore,Female,5,106,0
61,69334,Delhi,Male,1,43,1
34,88648,Delhi,Female,17,37,0
27,42054,Mumbai,Male,2,37,0
64,90028,Mumbai,Female,8,33,0
29,42207,Bangalore,Male,7,73,1
33,100650,Delhi,Male,15,74,0
41,119821,Bangalore,Male,5,35,1
36,101554,Mumbai,Male,2,84,1
25,41386,Bangalore,Male,7,35,0
48,103276,Mumbai,Female,8,93,0
38,79518,Bangalore,Female,7,116,1
34,72781,Bangalore,Female,7,50,1
40,72780,Delhi,Male,14,101,0
54,81440,Bangalore,Female,18,81,0
33,64199,Delhi,Male,6,56,0
23,81035,Delhi,Male,4,14,0
25,28210,Delhi,Male,10,92,0
42,64363,Delhi,Female,18,78,0
35,98279,Bangalore,Male,12,45,0
42,80348,Mumbai,Female,16,99,1
29,75284,Mumbai,Female,7,81,1
32,92124,Mumbai,Male,6,7,1
43,88847,Bangalore,Male,5,63,0
58,42432,Delhi,Female,3,118,1
62,84089,Mumbai,Female,12,56,1
43,75398,Bangalore,Female,15,38,1
64,119291,Delhi,Female,10,53,1
49,23321,Mumbai,Female,19,32,0
27,101348,Delhi,Female,16,87,1
33,57383,Mumbai,Male,11,91,1
24,98682,Mumbai,Female,8,113,1
34,99190,Mumbai,Female,3,100,0
40,72893,Delhi,Female,7,17,0
43,55820,Bangalore,Female,7,101,1
38,86262,Delhi,Male,14,102,1
39,23760,Mumbai,Male,2,101,0
24,42190,Delhi,Female,10,73,0
31,87411,Bangalore,Female,19,71,1
32,43377,Delhi,Female,9,65,1
24,66737,Bangalore,Male,16,64,1
26,89569,Bangalore,Male,19,75,1
25,58211,Delhi,Male,18,28,1
40,102909,Mumbai,Male,9,67,0
46,23744,Bangalore,Male,16,90,1
35,44995,Delhi,Male,13,113,0
48,36977,Bangalore,Female,10,65,0
47,117938,Mumbai,Male,14,27,0
56,54542,Delhi,Male,12,34,1
52,30651,Delhi,Female,19,64,0
35,119239,Delhi,Male,7,22,1
59,98931,Mumbai,Female,15,100,1
56,115344,Bangalore,Male,16,60,0
34,36715,Delhi,Female,8,57,0
31,64409,Bangalore,Female,10,11,0
48,44306,Bangalore,Female,4,101,1
41,39086,Mumbai,Female,19,73,1
52,34376,Delhi,Female,19,117,1
61,81350,Bangalore,Male,15,96,1
62,91425,Delhi,Male,14,76,1
51,56636,Delhi,Female,1,83,1
20,106120,Mumbai,Female,16,56,1
54,71649,Delhi,Female,10,8,1
60,54610,Delhi,Male,19,38,0
57,30058,Bangalore,Female,3,73,1
43,94637,Mumbai,Female,5,37,0
40,98033,Delhi,Female,9,73,1
61,90194,Bangalore,Female,18,42,0
56,96917,Mumbai,Male,11,102,0
32,84200,Mumbai,Female,16,30,0
21,66619,Bangalore,Female,2,5,0
46,37154,Bangalore,Male,12,8,0
39,39539,Bangalore,Female,6,43,1
42,80058,Bangalore,Female,11,58,1
30,82068,Bangalore,Male,8,94,1
35,97313,Delhi,Male,12,37,1
50,119932,Delhi,Male,2,37,1
33,50373,Mumbai,Female,9,76,1
62,53154,Delhi,Female,15,24,0
59,26031,Delhi,Male,2,20,1
61,113533,Delhi,Male,1,25,0
19,91975,Bangalore,Male,10,49,0
52,42785,Mumbai,Female,2,94,1
59,98928,Mumbai,Female,12,91,1
51,48669,Mumbai,Male,8,86,0
47,114475,Mumbai,Female,5,66,1
30,22282,Delhi,Male,1,35,0
30,54624,Delhi,Female,15,46,1
35,68438,Bangalore,Female,6,16,0
49,109900,Mumbai,Female,12,69,1
49,87534,Delhi,Female,8,110,1
52,51705,Delhi,Male,13,77,1
56,58244,Bangalore,Female,19,7,1
63,94964,Bangalore,Female,1,119,1
46,57437,Bangalore,Male,11,94,1
46,97872,Delhi,Female,1,13,0
61,94878,Delhi,Male,8,110,1
33,92982,Bangalore,Male,5,55,0
61,70583,Mumbai,Female,17,20,1
64,58392,Bangalore,Female,8,92,0
27,27461,Bangalore,Male,10,118,0
47,30516,Bangalore,Male,2,82,1
42,99285,Bangalore,Male,9,7,0
56,37514,Delhi,Female,3,102,1
37,56268,Mumbai,Male,18,101,1
22,110486,Bangalore,Male,7,118,1
18,56788,Mumbai,Male,15,28,0
47,95749,Mumbai,Female,18,77,1
20,81049,Mumbai,Male,3,17,1
62,82493,Bangalore,Female,14,6,1
31,56027,Delhi,Female,2,75,0
47,113547,Bangalore,Male,14,116,1
21,62849,Mumbai,Female,11,25,0
35,37858,Mumbai,Male,16,23,1
54,104162,Delhi,Female,8,93,1
42,99003,Bangalore,Female,7,51,0
18,72395,Mumbai,Male,11,26,0
63,59758,Delhi,Male,3,79,0
32,74312,Mumbai,Male,17,37,1
26,88670,Delhi,Female,14,36,0
32,102279,Delhi,Female,6,68,1
41,35434,Bangalore,Male,8,89,1
21,84047,Mumbai,Male,5,43,0
29,67775,Bangalore,Female,8,88,1
54,95769,Mumbai,Female,2,76,0
54,86677,Bangalore,Female,15,46,0
60,103555,Mumbai,Male,12,105,1
23,105920,Bangalore,Female,17,13,0
56,65734,Delhi,Male,1,29,0
63,108503,Mumbai,Female,15,93,1
41,60603,Mumbai,Female,14,101,1
28,96708,Delhi,Male,16,6,1
30,101926,Bangalore,Male,9,23,1
51,88803,Mumbai,Male,1,114,1
42,59332,Mumbai,Female,17,24,1
24,111703,Bangalore,Female,13,110,1
21,41312,Delhi,Female,5,109,1
25,113376,Bangalore,Male,10,110,1
37,104526,Bangalore,Female,6,97,1
46,64179,Bangalore,Male,19,74,0
62,91442,Mumbai,Male,13,21,0
63,60379,Delhi,Male,1,93,0
27,37297,Delhi,Female,15,106,0
60,22011,Bangalore,Female,14,72,1
51,64014,Mumbai,Male,8,98,1
43,31738,Bangalore,Female,10,88,0
58,114333,Mumbai,Male,9,7,0
20,67498,Mumbai,Male,17,91,0
23,31120,Mumbai,Female,9,55,0
22,28767,Mumbai,Male,3,86,0
22,42852,Delhi,Male,11,30,1
64,99239,Mumbai,Female,12,60,1
40,20929,Mumbai,Male,10,104,0
26,97487,Bangalore,Male,17,68,0
52,111575,Bangalore,Male,17,12,0
37,115040,Delhi,Male,11,85,1
59,37438,Bangalore,Male,4,99,0
52,68515,Mumbai,Male,7,41,0
35,25744,Bangalore,Male,14,113,0
34,103820,Delhi,Female,7,101,1
41,62417,Bangalore,Female,8,31,0
20,27069,Bangalore,Male,1,49,0
49,62359,Delhi,Male,4,8,0
52,39799,Delhi,Female,12,90,1
55,118746,Mumbai,Female,3,94,1
30,113762,Bangalore,Female,13,100,1
64,90188,Mumbai,Female,6,92,1
42,109859,Bangalore,Female,11,114,1
26,27597,Bangalore,Male,4,103,1
21,67093,Mumbai,Female,16,41,0
31,57226,Bangalore,Female,7,100,1
54,92127,Bangalore,Female,11,75,1
51,111369,Bangalore,Male,1,37,1
28,97362,Delhi,Male,7,35,1
58,46417,Mumbai,Male,12,59,0
20,38693,Delhi,Male,7,16,0
45,99674,Mumbai,Male,7,15,0
46,73161,Mumbai,Male,10,92,0
26,22169,Bangalore,Female,16,76,0
20,104092,Mumbai,Male,8,36,0
42,42052,Delhi,Male,9,61,0
51,91849,Delhi,Female,9,42,1
29,93851,Delhi,Male,2,64,1
59,28036,Mumbai,Female,13,90,1
26,51778,Delhi,Female,13,102,1
32,47734,Mumbai,Male,4,23,1
57,43173,Delhi,Female,12,88,0
42,50403,Delhi,Female,17,60,1
22,86321,Mumbai,Female,2,18,1
28,91675,Delhi,Female,13,37,1
51,26344,Bangalore,Male,18,14,0
41,38800,Mumbai,Female,15,84,1
32,45372,Mumbai,Male,8,68,0
55,81516,Mumbai,Female,15,68,0
25,40538,Bangalore,Female,1,66,1
22,83918,Mumbai,Female,10,72,1
43,34973,Delhi,Male,12,95,1
35,91155,Delhi,Male,5,96,0
23,79500,Delhi,Male,9,47,0
54,56575,Mumbai,Female,8,84,0
30,62261,Delhi,Female,16,63,0
45,47716,Mumbai,Female,14,56,1
22,23236,Delhi,Female,13,101,1
30,35848,Bangalore,Male,13,116,1
34,22352,Bangalore,Female,5,23,0
57,21932,Bangalore,Male,16,25,1
62,96449,Bangalore,Female,11,26,0
49,28556,Mumbai,Male,5,13,0
46,106836,Delhi,Male,13,13,1
20,25498,Bangalore,Female,11,77,0
57,96118,Mumbai,Female,19,31,0
51,70098,Bangalore,Male,3,21,1
57,84386,Bangalore,Female,15,48,1
44,29569,Mumbai,Female,7,49,0
30,76882,Mumbai,Male,7,12,0
62,90393,Delhi,Male,6,84,0
50,20340,Delhi,Male,3,22,0
23,63949,Bangalore,Male,13,37,0
41,102302,Bangalore,Female,7,5,0
36,82443,Delhi,Male,5,80,1
33,111668,Delhi,Male,18,10,1
57,94027,Mumbai,Male,8,45,1
45,20138,Delhi,Female,17,59,0
50,20358,Delhi,Male,1,9,0
58,95250,Bangalore,Female,14,63,1
30,105376,Delhi,Male,17,84,0
60,119931,Bangalore,Male,10,22,0
62,50654,Delhi,Female,12,53,0
42,45879,Mumbai,Male,16,86,0
59,101532,Delhi,Male,14,69,1
53,75778,Delhi,Female,16,87,1
44,57772,Delhi,Male,8,58,0
55,78478,Bangalore,Male,10,65,0
24,84353,Mumbai,Male,17,12,0
22,46762,Delhi,Male,18,7,1
60,33283,Bangalore,Female,16,29,1
62,83922,Mumbai,Male,17,73,1
48,59420,Bangalore,Female,16,59,0
40,75568,Bangalore,Male,19,44,1
59,105090,Mumbai,Female,8,87,1
27,40219,Delhi,Male,6,86,1
49,77169,Bangalore,Female,6,54,1
60,94965,Bangalore,Male,9,99,1
47,66840,Delhi,Female,4,37,1
56,64695,Delhi,Female,12,115,1
48,104754,Mumbai,Male,12,22,0
35,97988,Mumbai,Female,17,61,1
53,78342,Mumbai,Male,15,107,0
19,38951,Delhi,Male,9,20,0
31,21307,Bangalore,Male,7,84,0
30,100388,Bangalore,Male,10,115,1
46,110768,Mumbai,Male,16,42,0
29,55428,Delhi,Female,12,45,1
56,112021,Bangalore,Male,7,11,1
19,95774,Mumbai,Male,18,82,1
49,58975,Bangalore,Male,15,111,1
30,21140,Bangalore,Male,6,57,0
63,44842,Delhi,Male,12,67,0
44,46421,Delhi,Male,11,116,1
58,21708,Bangalore,Female,3,93,1
34,23630,Mumbai,Female,2,36,0
57,39595,Delhi,Male,6,42,1
48,96021,Bangalore,Female,5,26,1
51,48308,Delhi,Male,18,20,0
41,64789,Delhi,Male,16,56,1
62,75690,Delhi,Male,8,33,0
52,46086,Bangalore,Male,11,20,0
23,36859,Mumbai,Male,10,80,0
36,27684,Mumbai,Female,12,21,0
47,111088,Mumbai,Female,6,105,1
24,21207,Delhi,Female,5,68,0
27,66099,Bangalore,Female,9,95,1
58,87496,Delhi,Male,16,93,1
49,86093,Mumbai,Female,14,17,0
51,49689,Mumbai,Male,8,76,1
45,68651,Bangalore,Female,19,60,1
32,33893,Delhi,Female,14,9,0
47,117808,Mumbai,Female,7,16,0
54,86418,Bangalore,Female,5,45,0
46,80011,Delhi,Male,18,7,0
39,58635,Delhi,Female,2,103,1
21,76115,Mumbai,Female,11,37,1
37,115071,Mumbai,Male,8,90,1
49,98405,Delhi,Male,1,54,1
53,92702,Delhi,Female,12,60,0
21,98518,Mumbai,Male,2,112,1
44,92805,Delhi,Male,18,13,1
34,78954,Mumbai,Male,7,109,1
29,48064,Delhi,Female,17,86,1
39,99063,Mumbai,Male,14,54,0
34,22454,Bangalore,Female,7,33,1
27,40878,Mumbai,Female,3,43,0
18,71098,Mumbai,Female,6,95,1
39,82154,Bangalore,Female,2,104,0
43,32991,Delhi,Male,17,49,0
35,88344,Bangalore,Female,12,21,1
31,56593,Mumbai,Male,12,60,1
64,56304,Delhi,Female,17,102,1
46,50386,Bangalore,Male,10,50,0
29,75220,Delhi,Female,3,71,0
53,89338,Delhi,Male,18,73,1
52,114289,Bangalore,Female,13,18,1
29,41083,Delhi,Female,12,71,1
24,38354,Bangalore,Male,17,27,0
46,42190,Mumbai,Female,4,107,0
28,26142,Delhi,Female,10,98,0
50,48398,Mumbai,Female,11,118,0
23,71971,Mumbai,Male,6,113,1
64,61862,Delhi,Female,6,65,1
32,118668,Bangalore,Female,9,27,0
49,73410,Delhi,Male,15,31,0
28,39503,Mumbai,Male,2,58,0
40,68456,Mumbai,Male,4,14,1
43,102035,Bangalore,Male,5,93,1
51,28016,Delhi,Male,17,81,1
63,22384,Mumbai,Female,8,20,0
51,82320,Mumbai,Female,8,45,0
46,35072,Mumbai,Female,12,102,1
21,100018,Bangalore,Male,8,59,1
34,60510,Mumbai,Female,19,105,1
52,68933,Mumbai,Male,3,65,0
30,41826,Delhi,Male,18,90,0
58,88026,Delhi,Female,19,85,1
56,45518,Mumbai,Male,19,91,0
32,44045,Mumbai,Male,15,104,0
46,70876,Delhi,Female,6,53,0
46,112446,Bangalore,Male,16,77,0
28,110102,Bangalore,Male,8,56,0
49,71919,Bangalore,Female,16,6,1
19,119441,Bangalore,Male,18,100,1
64,47103,Bangalore,Male,16,54,1
31,56188,Bangalore,Female,11,90,0
37,25845,Bangalore,Female,7,47,0
39,106698,Bangalore,Female,17,81,0
28,56674,Delhi,Female,17,12,1
44,39337,Bangalore,Male,12,63,0
20,42313,Bangalore,Male,13,69,0
34,46943,Bangalore,Female,10,85,1
61,97949,Mumbai,Male,7,16,0
45,20276,Delhi,Male,14,8,0
46,71151,Delhi,Female,1,81,0
38,37611,Delhi,Female,17,99,1
64,31944,Bangalore,Male,4,45,0
33,72887,Bangalore,Female,5,11,0
54,101442,Mumbai,Female,7,91,0
37,69847,Delhi,Female,10,92,0
23,78653,Bangalore,Male,17,73,1
36,106072,Delhi,Female,7,73,1
22,76622,Mumbai,Male,1,85,0
20,47810,Mumbai,Male,7,34,1
18,97842,Mumbai,Male,11,77,1
55,30503,Delhi,Female,9,10,0
32,104761,Bangalore,Female,12,93,1
51,56976,Bangalore,Female,3,23,0
52,31590,Mumbai,Female,4,84,0
42,30886,Bangalore,Female,4,89,1
41,32866,Mumbai,Male,13,70,1
29,86624,Delhi,Male,19,14,0
35,88899,Mumbai,Male,10,20,0
32,52792,Delhi,Female,5,41,0
61,29764,Mumbai,Male,7,83,0
33,106156,Bangalore,Male,16,81,0
44,62727,Bangalore,Female,1,81,1
25,98471,Mumbai,Female,12,36,0
63,28068,Bangalore,Male,2,113,1
42,27295,Bangalore,Male,7,51,0
34,61160,Bangalore,Female,11,114,0
46,31390,Delhi,Female,13,76,1
25,40131,Bangalore,Female,2,47,0
32,114754,Delhi,Female,7,86,1
44,95969,Mumbai,Male,15,40,1
63,35038,Bangalore,Male,11,30,0
24,72327,Bangalore,Female,2,14,1
20,113718,Bangalore,Male,7,35,1
46,97064,Mumbai,Male,4,101,1
61,41281,Delhi,Female,11,33,0
41,74189,Delhi,Male,2,9,1
20,68511,Bangalore,Male,16,81,1
37,28605,Mumbai,Male,7,5,0
63,21381,Mumbai,Female,13,91,0
32,86634,Mumbai,Female,5,108,1
42,39810,Mumbai,Male,17,7,0
47,44322,Mumbai,Female,12,71,1
31,61869,Delhi,Female,19,75,1
24,52955,Delhi,Female,7,104,1
34,81388,Delhi,Male,6,39,0
61,30207,Bangalore,Male,8,19,0
37,107329,Mumbai,Female,13,108,1
53,87628,Bangalore,Male,5,71,0
26,48220,Mumbai,Male,2,97,0
55,104050,Delhi,Male,9,34,1
39,94085,Bangalore,Male,11,107,1
19,42031,Delhi,Male,6,86,1
41,90721,Mumbai,Female,7,79,0
25,100807,Mumbai,Male,7,47,1
28,91312,Mumbai,Male,19,117,1
30,79766,Delhi,Male,6,64,0
34,32449,Mumbai,Female,11,106,0
25,109833,Delhi,Female,11,44,1
38,76699,Bangalore,Female,7,69,0
35,101253,Mumbai,Male,2,33,1
47,66092,Mumbai,Female,19,78,1
35,83671,Mumbai,Female,4,96,1
63,30350,Bangalore,Female,6,99,0
64,116158,Mumbai,Female,17,23,0
48,88487,Delhi,Male,5,7,0
55,37622,Delhi,Female,7,40,0
49,90263,Mumbai,Female,9,47,0
28,73117,Mumbai,Male,1,19,1
62,78394,Bangalore,Male,1,101,1
42,43782,Bangalore,Female,19,45,0
50,48454,Bangalore,Male,6,111,0
55,87904,Mumbai,Female,18,119,1
58,35592,Bangalore,Male,10,113,0
25,42173,Bangalore,Male,11,94,0
28,53204,Delhi,Female,1,84,0
39,55596,Bangalore,Male,1,40,0
41,54324,Delhi,Female,13,101,1
58,81202,Delhi,Male,5,88,0
34,109400,Bangalore,Female,1,81,0
29,50750,Delhi,Male,3,37,1
63,96112,Mumbai,Male,18,9,0
49,36566,Mumbai,Male,9,105,0
32,27190,Bangalore,Male,14,82,0
33,108607,Mumbai,Male,17,95,1
39,58333,Delhi,Female,14,91,1
45,100905,Mumbai,Male,4,18,1
37,109571,Bangalore,Female,5,108,1
50,21589,Bangalore,Female,17,72,0
27,45235,Delhi,Female,2,107,0
57,20159,Bangalore,Male,5,87,0
49,32145,Mumbai,Female,4,51,0
50,100909,Bangalore,Male,4,58,1
19,51921,Delhi,Female,6,8,0
50,36237,Bangalore,Female,13,98,1
50,28244,Mumbai,Female,5,87,0
58,34743,Delhi,Female,7,99,0
30,117102,Mumbai,Female,1,99,1
47,66101,Delhi,Male,14,13,0
50,104227,Bangalore,Female,4,57,0
30,119532,Delhi,Female,17,81,1
43,76378,Delhi,Male,14,82,1
39,91126,Bangalore,Male,16,64,1
56,76071,Mumbai,Male,14,50,0
19,91121,Bangalore,Female,16,58,1
55,94763,Delhi,Female,8,78,1
56,113814,Bangalore,Female,3,116,1
43,32237,Delhi,Female,19,99,1
63,35649,Bangalore,Female,1,41,0
32,57713,Bangalore,Female,2,27,0
51,93463,Mumbai,Male,15,31,1
59,65409,Delhi,Male,10,74,0
61,68766,Mumbai,Female,18,94,1
57,66154,Delhi,Female,14,70,0
28,27016,Bangalore,Female,17,113,1
20,99563,Delhi,Female,13,65,0
23,68688,Mumbai,Female,1,81,0
26,109678,Mumbai,Male,5,55,0
23,74238,Mumbai,Male,13,54,1
26,78608,Delhi,Female,14,23,0
56,109081,Mumbai,Male,3,5,0
48,51897,Mumbai,Female,15,44,1
49,70961,Mumbai,Female,19,36,1
58,88703,Bangalore,Female,17,26,1
29,64757,Bangalore,Male,3,116,0
25,46917,Delhi,Male,16,97,0
25,42736,Delhi,Female,14,70,1
45,47990,Mumbai,Male,12,44,0
37,82551,Bangalore,Male,12,42,1
64,78161,Mumbai,Female,11,52,0
24,99623,Mumbai,Male,17,59,1
28,42440,Bangalore,Male,8,79,1
37,55205,Bangalore,Female,17,85,0
33,100811,Bangalore,Female,11,59,1
21,75103,Delhi,Male,2,55,1
23,90812,Delhi,Female,10,111,1
39,61627,Mumbai,Male,10,64,1
43,39008,Delhi,Female,11,12,0
20,91274,Bangalore,Female,6,90,0
58,52402,Bangalore,Female,4,72,0
59,73384,Delhi,Female,12,79,1
31,25793,Mumbai,Male,11,76,0
28,25571,Mumbai,Female,13,13,1
35,116867,Delhi,Female,5,94,1
29,36209,Mumbai,Female,6,6,0
40,110930,Mumbai,Male,1,84,0
29,63148,Mumbai,Male,6,99,1
30,111218,Bangalore,Female,18,74,0
42,22224,Bangalore,Female,9,89,0
62,68695,Delhi,Female,15,94,1
36,52441,Bangalore,Female,8,63,1
63,59129,Mumbai,Female,19,23,0
53,82368,Bangalore,Female,16,32,0
62,112122,Delhi,Male,6,76,0
25,64760,Bangalore,Female,6,18,0
46,43478,Mumbai,Female,3,28,0
49,91854,Mumbai,Female,10,116,1
61,114230,Delhi,Female,1,48,1
35,105716,Bangalore,Female,14,105,0
23,32180,Bangalore,Female,4,60,0
35,118538,Bangalore,Male,12,94,1
36,35372,Mumbai,Male,6,99,1
39,49796,Delhi,Male,11,55,1
54,78272,Bangalore,Male,12,36,1
49,109963,Mumbai,Male,10,54,0
58,118826,Mumbai,Male,18,45,1
20,113635,Mumbai,Female,7,70,1
45,74040,Bangalore,Female,7,29,1
27,95357,Bangalore,Female,11,112,1
52,91368,Bangalore,Female,4,65,0
46,98356,Bangalore,Female,1,70,1
32,36211,Bangalore,Female,13,46,0
50,25842,Bangalore,Male,18,69,1
24,83115,Bangalore,Female,9,40,1
29,86852,Bangalore,Male,9,80,1
47,65968,Bangalore,Male,9,13,0
38,37508,Mumbai,Female,10,40,0
48,42005,Bangalore,Female,2,109,0
41,74575,Delhi,Female,6,96,1
37,100742,Mumbai,Female,15,42,0
54,38971,Bangalore,Female,3,37,1
21,45599,Delhi,Female,11,46,0
45,107592,Bangalore,Female,6,65,1
61,86914,Delhi,Male,3,50,1
37,87055,Delhi,Female,11,90,1
41,107697,Delhi,Female,15,93,1
49,25355,Delhi,Male,13,65,0
58,74120,Mumbai,Female,10,22,1
53,94619,Mumbai,Female,6,74,1
51,58342,Delhi,Male,15,86,1
53,105992,Bangalore,Female,18,84,1
19,98860,Delhi,Female,18,19,1
32,22257,Mumbai,Female,7,52,0
51,47364,Bangalore,Female,15,76,0
53,44972,Mumbai,Female,18,17,1
23,46654,Mumbai,Female,18,47,1
56,100769,Bangalore,Male,9,64,0
59,101423,Delhi,Female,2,61,0
29,49320,Delhi,Female,8,75,1
20,40808,Delhi,Male,2,21,0
62,72389,Delhi,Male,11,54,1
35,115690,Bangalore,Female,7,36,0
57,54773,Bangalore,Male,6,26,1
38,71168,Bangalore,Female,10,59,1
32,47747,Mumbai,Female,5,119,1
50,96396,Bangalore,Male,11,61,1
52,103692,Delhi,Female,1,17,0
43,77505,Mumbai,Female,2,51,0
25,105896,Delhi,Male,1,91,1
53,38135,Delhi,Male,19,66,0
47,110887,Bangalore,Male,2,58,0
40,116035,Bangalore,Male,4,33,0
59,67377,Delhi,Female,12,26,1
61,43554,Delhi,Male,18,69,1
31,82491,Mumbai,Male,1,33,1
31,75621,Bangalore,Male,1,52,0
19,78283,Mumbai,Male,14,9,0
54,105140,Mumbai,Male,4,39,1
22,36923,Mumbai,Female,5,78,1
55,67591,Delhi,Male,11,87,1
62,82261,Mumbai,Female,13,105,1
58,74336,Mumbai,Male,16,75,1
64,94083,Delhi,Male,13,50,1
31,80948,Bangalore,Male,2,39,0
56,53002,Bangalore,Male,16,49,1
42,100098,Mumbai,Male,6,17,1
37,93016,Delhi,Male,14,14,1
19,46672,Bangalore,Male,1,70,0
56,24213,Mumbai,Male,17,74,1
23,30293,Mumbai,Female,11,76,0
